{
  "UserPreferences": {
    "WindowSize": {
      "Height": 603.4285714285714,
      "Width": 1161.6806722689075,
      "IsFullWindow": false
    }
  },
  "Another": {}
}